	P(VFC)	P(MFC)	P(IPC)	P(ITC)	P(DFC)	P(OFC)	P(M1C)	P(S1C)	P(A1C)	P(AMY)	P(STC)	P(STR)	P(V1C)	P(HIP)	P(MD)	P(CBC)	I(VFC)	I(MFC)	I(IPC)	I(ITC)	I(DFC)	I(OFC)	I(M1C)	I(S1C)	I(A1C)	I(AMY)	I(STC)	I(STR)	I(V1C)	I(HIP)	I(MD)	I(CBC)	C(VFC)	C(MFC)	C(IPC)	C(ITC)	C(DFC)	C(OFC)	C(M1C)	C(S1C)	C(A1C)	C(AMY)	C(STC)	C(STR)	C(V1C)	C(HIP)	C(MD)	C(CBC)	A(VFC)	A(MFC)	A(IPC)	A(ITC)	A(DFC)	A(OFC)	A(M1C)	A(S1C)	A(A1C)	A(AMY)	A(STC)	A(STR)	A(V1C)	A(HIP)	A(MD)	A(CBC)	At(VFC)	At(MFC)	At(IPC)	At(ITC)	At(DFC)	At(OFC)	At(M1C)	At(S1C)	At(A1C)	At(AMY)	At(STC)	At(STR)	At(V1C)	At(HIP)	At(MD)	At(CBC)
ADAMTSL3	1.3495139	1.1419176	1.4419976	0.9137547	1.0821542	1.1439733	1.1845154	1.2075501	0.9052261	0.3493022	0.8019875	0.1816957	1.3119277	0.7139181	0.2133701	0.7211114	0.60961	0.7405066	0.570377	0.533957	0.5171328	0.4720218	0.772777	0.577852	0.6281577	0.6047868	0.631104	0.295682	0.686703	0.9188783	0.1607668	0.596029	0.2826333	0.4160977	0.2684916	0.282479	0.3329528	0.3875667	0.384146	0.3482887	0.305947	0.2767438	0.3102822	0.2400117	0.2656924	0.4439148	0.124842	0.2507177	0.3850453	0.4362123	0.3953842	0.418682	0.3673173	0.3709447	0.436406	0.3350047	0.336688	0.4786697	0.3517895	0.4479465	0.2159963	0.583116	0.3649935	0.2831502	0.452345	0.5276938	0.3679052	0.4414867	0.4365664	0.4742528	0.5199718	0.372495	0.3725518	0.5261102	0.3879387	0.4383775	0.300032	0.7851008	0.4360792	0.2842197
AKT3	55.75015	64.52709	83.08903	65.07408	63.52739	63.52015	88.70812	91.71813	68.26127	38.63739	63.11921	21.63803	75.49328	38.6906	22.36471	17.42019	16.57334	19.57028	20.92732	24.02808	17.34595	14.43211	17.40084	19.64842	20.06672	17.71911	21.1792	13.13648	24.85108	15.2984	16.91799	11.60035	12.356486	13.065803	13.714808	15.949203	12.918092	14.940962	12.326307	14.207913	16.15543	11.76038	12.906184	6.850371	14.90199	14.969323	12.856338	11.874286	14.923029	14.630389	22.311435	19.357705	17.229623	14.771549	15.297514	16.812821	17.770605	17.484284	21.652749	12.448787	13.802789	9.518967	12.922459	13.159997	23.63723	21.92993	25.17019	24.36431	23.25352	22.12628	19.89641	21.30453	21.65419	14.77564	23.83193	10.21117	23.70278	15.86217	19.46614	13.72697
AMBRA1	8.927627	8.539342	9.332563	9.416998	8.297588	8.409279	9.258527	9.706362	8.696713	8.038208	8.684986	11.331727	9.053962	7.731062	9.026912	6.617997	6.087198	6.728504	6.975562	6.223221	6.849526	6.134507	6.542922	6.532082	6.093784	5.759955	6.060573	8.180267	7.045079	4.517731	4.930571	6.569531	3.998768	3.851173	4.121319	3.250187	4.208133	4.346916	3.983229	3.56785	4.363554	3.660288	4.198609	4.505361	4.794428	3.740881	4.097428	6.334819	5.705539	4.583742	5.224592	6.083407	6.077558	5.994518	5.473469	4.97187	4.514916	6.595934	5.336774	6.25086	4.839314	4.827072	5.551239	6.970384	5.554809	5.078735	5.439227	5.036304	4.926605	5.794079	5.128601	5.340825	5.204872	4.829939	6.119703	5.673807	4.925955	4.424268	4.739482	6.306294
APOPT1	8.595177	8.208483	7.892218	7.346191	8.352779	8.199039	7.092439	7.409035	7.910916	8.84164	8.42492	10.047752	7.300805	7.503749	13.659186	9.202292	7.237486	6.826607	6.895722	7.960681	7.858697	7.205236	6.243823	7.049486	8.091804	5.861132	7.347107	6.910227	6.592656	6.680334	6.743473	6.118911	8.486808	6.941315	8.086316	8.295387	8.279097	7.040241	8.772872	9.14816	8.288783	8.46439	10.533983	8.959757	6.231972	6.639133	7.808539	5.780955	5.079683	5.302596	5.29592	5.22253	5.647299	5.620044	4.50361	4.765184	5.558902	4.854289	5.108207	4.550623	4.817131	4.740782	5.213232	4.504811	4.577313	4.47802	4.662693	5.370376	6.292085	4.495222	6.302259	5.915337	5.950172	6.161745	4.53088	4.717243	4.94488	6.815276	5.094422	5.767183
ATP2A2	24.3806	24.55886	26.34954	26.338	23.35487	24.44567	28.17388	27.62472	26.28849	24.13326	23.06422	25.77291	23.47205	24.10216	27.7644	27.29915	43.33224	44.2565	46.8313	39.60092	43.42355	40.34938	52.18635	50.46267	50.09646	44.12048	42.03392	68.22989	56.36531	40.65773	84.86769	36.25145	45.24009	39.72637	49.39972	46.84721	41.21366	46.37699	46.09359	43.30292	51.0578	30.79167	45.50581	28.85819	59.0995	43.17757	67.19852	39.27071	49.597	41.5783	59.65327	46.55534	55.18023	49.10588	51.41364	52.70143	50.03021	45.05636	54.44476	62.38929	47.93258	33.44954	69.86383	46.87824	65.19874	56.40672	66.59004	56.64968	60.57913	61.47023	60.49403	61.995	58.06129	40.88931	69.83482	48.37407	75.93979	44.83384	88.84516	42.98535
BCL11B	38.190514	49.331207	34.408104	25.217853	50.745395	48.706934	65.985067	52.931948	24.376141	27.021615	28.41973	66.406907	41.834653	19.167175	2.17128	1.232601	1.9456777	2.3284498	1.3945372	1.821375	1.4134314	1.3906066	1.8690407	1.9938312	2.2665043	5.3276448	1.5580367	21.097598	1.5631772	5.9083413	0.1004364	0.0600682	0.9975515	1.37010475	1.2637276	1.2958908	0.983938	1.12647	1.56228575	1.36765533	1.1887446	4.0812715	1.121195	6.49383	1.0807252	5.26297775	0.10101333	0.03212833	1.86567	1.9076467	1.6971387	1.534822	2.0515343	1.5689913	2.0023863	1.5981627	1.3806593	5.558245	1.3052142	12.52016	1.241871	4.548068	0.144585	0.0360785	1.9096135	2.6229898	1.7077743	1.5362647	1.9451176	1.6047303	2.2880927	1.8246367	1.4702247	3.991831	1.660917	10.0119223	1.5540654	5.6159315	0.1403487	0.0540755
C10orf32	7.020015	8.141412	6.580242	6.788364	7.467446	7.974788	6.482736	6.89346	6.483532	9.052212	6.934564	8.961068	6.877753	10.463259	10.163561	11.006552	10.769551	10.242214	9.998539	12.388146	12.021758	12.14891	8.410125	10.399438	12.092246	10.929238	11.522796	10.127642	10.259	12.791073	8.263004	9.702806	10.550029	9.165216	12.086644	14.226286	8.328617	9.398703	11.397932	13.563628	10.079987	11.364124	13.996598	12.890446	9.562601	13.618054	9.305111	6.987313	8.69452	9.834339	8.136223	9.100356	9.046275	8.545959	7.642015	7.774884	9.036816	8.104584	7.317266	8.336856	8.792841	8.663834	6.869675	7.916733	7.906205	9.456387	8.842021	11.721882	10.276971	8.320826	8.381537	9.285669	9.810073	15.058676	8.013494	10.476042	8.867847	16.073032	7.337911	9.063411
C11orf31	25.867	27.63549	24.76301	23.81825	28.39746	25.87987	20.57487	21.06943	24.50805	30.48544	29.23042	32.78118	26.91139	31.25208	27.73051	25.65241	26.40302	26.04343	28.2945	29.4472	32.69716	30.82796	23.60456	27.77103	25.04084	24.26074	29.57647	31.28728	28.65601	23.84946	23.67817	23.273	45.71565	31.95692	37.50447	31.60659	42.17323	28.97415	42.06361	44.54325	33.18696	34.15571	52.76339	42.70242	30.3234	27.90829	29.3717	20.93772	22.59286	20.18668	22.6051	22.082	23.56552	24.71473	19.79988	21.1051	19.0142	19.23227	23.14742	14.20055	22.5616	16.54965	19.84814	16.02365	23.06866	22.83627	23.71146	23.91875	29.60626	23.96747	33.49483	33.95783	32.62786	28.20127	24.62078	22.96409	25.39189	34.16167	18.71322	23.01593
C3orf49	0.2023416	0.1887438	0.2061508	0.1591457	0.1720248	0.1729838	0.2212648	0.2092668	0.1815219	0.1376428	0.1770386	0.1787361	0.1684005	0.1181363	0.2510294	0.2929324	0.4640925	0.6443572	0.449142	0.4642997	0.4917516	0.4506454	0.3667527	0.4545095	0.4101057	0.332231	0.541829	0.4656613	0.6163808	0.3869635	0.2628454	0.2796478	0.5474722	0.4873187	0.492071	0.5738922	0.4547308	0.6719127	0.482788	0.929444	0.8338686	0.2675988	0.5190307	0.3055473	0.673799	0.3033783	0.3434547	0.6299747	0.777948	0.7057407	0.8471933	0.6526405	0.862992	0.634835	0.725405	0.914373	0.8164877	0.4967157	0.9169818	0.5728665	0.7614517	0.3761993	0.326287	0.6532843	1.1297538	0.871474	1.1718165	0.8288515	1.2249276	0.9111078	0.967014	1.0572382	0.9580087	0.3743395	1.0024012	0.4403927	1.194952	0.4910295	0.4692772	0.640194
CACNA1C	1.919561	1.607393	2.331909	2.503883	1.495934	1.529614	1.788212	2.049238	2.298313	1.570331	2.376196	2.893004	2.24911	1.169049	2.372472	1.367981	2.207727	2.636795	2.400676	2.219985	2.155912	1.823526	2.555083	2.227203	2.601745	2.823897	2.280553	3.763839	3.493575	1.691488	3.622574	2.830529	1.373237	1.324105	1.521814	1.290894	1.454263	1.470622	1.073037	1.128084	2.083758	1.520169	1.581896	0.769651	2.085339	1.021481	2.523228	2.697439	2.238533	2.112159	2.661626	2.509788	2.511125	2.471396	2.096304	2.183923	2.065941	3.056542	2.726659	1.826285	2.281045	1.589905	3.687396	1.658886	3.304075	3.745755	3.438925	2.858305	2.795484	3.619915	3.053043	3.376304	3.073957	2.259863	3.616177	1.595848	3.555117	1.988907	4.445601	1.511324
CACNA1I	3.2329292	2.3130355	2.9832866	2.7757909	2.1632985	1.9928766	1.7172848	2.3594005	3.0404348	1.0395965	2.9371379	1.1127071	2.1453717	1.2807905	3.37217	0.4315076	6.2167857	6.3761176	5.5896228	4.2504305	6.1942536	4.840931	8.491623	6.4973188	8.034999	6.324459	5.0229577	5.9612293	10.1969396	4.031192	2.0728684	0.5121356	3.854861	3.279393	3.166397	2.617532	4.047621	4.127607	3.411225	2.681492	5.27499	2.667864	3.978964	1.899211	5.424133	2.344628	1.267206	1.094055	5.900236	4.531926	4.949758	5.419274	6.054613	6.277205	4.839705	4.931249	4.229196	6.153832	5.159983	4.249279	5.20175	4.50187	1.369738	1.692294	6.3084075	5.8261556	5.5595403	4.349158	5.1818466	7.0687772	6.0706158	5.9288763	5.5817165	3.268875	6.4194817	3.691126	6.8634036	5.084113	0.9239742	2.398879
CACNB2	1.524749	1.281886	2.076046	1.735499	1.560092	1.485497	1.674955	1.697796	2.001285	1.179148	1.755187	3.173181	1.715226	1.251971	2.971615	1.361645	5.981139	6.715661	6.31834	5.09408	6.756563	5.344629	7.598736	5.635904	5.186262	3.698868	5.480832	6.54642	5.303174	3.32905	5.486296	4.609856	6.597472	6.893209	6.074082	6.003731	6.50519	7.438826	5.698844	6.489427	6.127665	3.572829	5.686925	3.70691	4.976201	4.89194	5.110985	5.843653	8.216997	7.760183	9.640104	8.535532	9.897694	8.873695	7.236264	6.919219	6.729704	6.139022	8.914444	7.254354	5.744916	3.481443	6.237703	6.078263	9.347642	9.384037	9.774328	9.349654	10.269411	10.013545	8.027785	8.733437	7.945148	5.654297	8.893896	5.620322	7.890042	5.053161	7.330526	5.991588
CENPM	1.5109833	3.5877361	0.4757741	1.3096912	2.6463408	2.6561573	0.4631735	0.3572849	0.7210252	5.4862297	1.6596352	2.3233993	1.8817032	4.7833923	1.1176141	3.9295289	0.8428665	0.369295	0.497711	0.6071318	0.8134728	0.750983	0.4630743	0.5281215	0.7964973	0.8421465	0.6155495	0.386622	0.4265562	0.7058657	0.5132592	1.487055	0.2956835	0.303917	0.2692184	0.3961404	0.328194	0.2580213	0.3377475	0.4076673	0.3216334	0.4472067	0.395586	0.3357473	0.2443034	0.32212	0.4104123	0.595413	0.2288827	0.198011	0.137745	0.197336	0.224549	0.2502753	0.208045	0.290795	0.1273093	0.2745983	0.2079325	0.240125	0.2991867	0.3421337	0.326681	0.5472235	0.2471122	0.368549	0.2288288	0.2654447	0.1167338	0.2906407	0.2386342	0.230227	0.255963	0.289437	0.264197	0.252639	0.2363654	0.4419803	0.321387	0.8672235
CHRNA3	0.3643426	0.4377791	0.3688103	0.8022585	0.4275213	0.4575667	0.4140467	0.3863372	0.3945965	1.1070736	0.559516	1.3302459	0.3815926	0.9366188	0.4017111	5.2236198	0.302364	0.5220202	0.4695898	0.816811	0.352503	0.3686874	0.2551	0.2970665	0.3073023	1.7005162	0.4659968	1.2988487	0.529562	1.0753413	8.3808948	3.7563152	0.3970698	0.300004	0.291941	0.4370038	0.3005876	0.2472233	0.372478	0.1823953	0.341738	0.6857853	0.3943507	0.5945593	0.6227938	1.0136078	9.9191643	4.8154485	0.1705213	0.2248343	0.160485	0.3865965	0.1405997	0.147299	0.2797917	0.1191373	0.1591543	0.7410267	0.1985065	1.2768455	0.4952777	0.196059	7.8989165	6.717981	0.10024233	0.1848926	0.09616383	0.20462067	0.0786436	0.07180683	0.101783	0.087905	0.07891167	0.59662283	0.07578133	0.87784367	0.2783334	0.56309033	13.2354715	9.61482933
CHRNA5	1.8591206	2.3805497	1.6261109	2.0264394	2.1868757	2.3787598	2.0289765	1.9846478	1.3807485	2.7444322	1.8078709	2.5807451	1.6077237	3.0729936	0.4588169	1.626051	0.350945	0.3941258	0.2926638	0.32947	0.2969514	0.3701742	0.259959	0.292976	0.4105147	0.6744718	0.400214	0.3232403	0.3615618	0.4407873	1.0515802	0.4308224	0.18210333	0.17485725	0.2095592	0.2548026	0.1232058	0.13179567	0.214753	0.07564433	0.2323794	0.18745133	0.25768283	0.132552	0.1987554	0.18644325	0.91561167	0.3641715	0.2880133	0.1760357	0.2824532	0.1942945	0.269263	0.26549	0.2577853	0.156054	0.2741977	0.2521683	0.1920543	0.2978655	0.257421	0.2006013	0.6646785	0.603828	0.1989215	0.2735342	0.2346197	0.2741377	0.132025	0.206373	0.2341275	0.2527157	0.1996647	0.2308045	0.230444	0.2417975	0.2487984	0.221204	1.2744587	0.5357542
CLCN3	16.02421	18.62946	16.60664	17.37918	16.62487	18.35325	17.71515	17.80191	16.82725	18.95488	14.81497	16.35389	14.7165	22.24594	16.31908	20.67259	18.34784	17.37303	18.48313	17.20328	17.36312	18.83374	21.7575	18.32864	21.20944	19.6481	18.12453	20.98647	19.34019	19.96533	18.19207	16.79532	17.89978	17.61122	22.76048	23.43885	14.92566	20.91809	19.91544	18.52287	18.6804	18.08461	18.94099	12.81649	20.06682	24.33232	15.87558	15.08449	18.18778	16.71598	19.83699	17.99918	20.22457	16.67095	17.03539	17.27895	19.02648	21.33233	17.47457	24.75008	17.36085	15.43062	17.5737	16.59116	22.14703	21.02252	22.60006	21.44788	21.46401	20.83703	18.38338	18.74344	19.8578	21.27401	21.44073	22.70089	20.47805	20.68936	19.19221	16.64804
CNNM2	3.424362	3.283682	3.407876	3.538719	3.105783	3.186494	3.951813	3.649779	3.207437	3.149349	3.133015	2.901099	3.395737	2.731346	3.383032	3.674219	2.439319	2.648501	2.593216	2.300221	2.368895	2.281744	3.256638	2.652357	2.848565	3.524773	2.412882	3.801912	3.108775	3.008802	3.920725	3.723469	2.253361	2.326524	3.074846	1.896222	2.532966	2.744883	2.632051	2.254531	3.246141	2.907467	2.777963	2.068498	3.676656	2.513764	4.085326	4.503052	4.35457	3.348142	4.370045	4.069449	4.378372	4.129045	4.494108	4.114286	3.748781	4.429077	3.768464	4.289419	3.987894	3.290671	5.972089	4.525025	5.104581	4.381814	4.642422	3.60574	4.356951	4.574456	4.957838	4.898144	4.687482	3.559802	5.078885	4.179321	4.845582	4.16993	6.240915	4.367446
CNTN4	4.3792408	3.2704777	3.68948	2.4795397	3.8119449	3.7908713	3.2617681	3.6550136	3.5837421	2.3616785	1.8641485	6.790533	1.8043353	0.9187159	10.297267	3.4950261	3.694151	3.706117	3.866126	2.981359	3.481066	3.155134	4.945191	4.136803	3.774219	2.554101	3.102649	4.214622	4.143111	1.839481	10.279663	4.98685	2.961378	2.863711	3.185411	2.855879	2.926853	2.771386	2.690394	3.241578	2.934369	1.984611	3.171541	1.435846	3.219724	1.315115	6.605889	3.952799	3.203843	3.05233	3.625986	2.776935	3.472686	2.979315	3.081765	3.064944	2.602047	2.841507	3.353317	1.672459	2.338194	0.788245	5.732507	4.672883	4.067516	4.081759	3.726591	3.625299	4.165555	3.88062	3.850104	3.681306	3.190731	2.533548	3.649188	1.560701	3.372827	2.14886	8.936803	4.408932
CSMD1	2.0600816	1.4150823	1.6862663	1.8253398	1.5056404	1.5516874	1.8920704	1.7604183	1.6548427	1.0946878	1.377436	0.8735628	1.1010099	0.8464705	1.1144411	1.2933438	2.060343	2.592315	1.989334	2.037917	1.993363	1.771561	2.34191	2.121917	2.434013	2.291763	2.090154	1.696119	2.564259	1.555333	0.625222	1.688778	1.24514	1.2956305	1.2859922	1.1234976	1.4676718	1.315839	0.9672513	1.099354	1.5545582	1.0672562	1.30971	0.516294	1.506634	1.0806178	0.4626337	1.2904005	1.896173	1.7269427	2.1887627	1.9549387	2.010614	1.9411407	1.7457617	1.98909	1.7856523	1.7342937	2.1789597	1.5362745	1.933719	1.347333	0.7070025	1.1596798	3.3069783	3.276931	3.1159518	2.49412	3.053619	3.339095	2.8235745	2.9565453	2.9970397	1.8417657	3.0857085	1.3358855	3.0748212	1.9539445	0.5711673	1.1423745
CUL3	9.724004	11.225412	11.141174	11.39463	10.959494	11.417706	11.002335	10.816261	10.657631	11.355652	10.158342	9.213582	10.327601	11.181387	8.268479	9.395595	6.622999	7.598446	8.076105	8.089906	7.054852	7.351109	6.590724	7.733721	7.648926	6.745542	8.185706	6.998469	7.981179	6.772933	8.001951	8.625962	6.639195	6.164422	7.576801	8.712643	5.772756	6.833863	6.564728	7.094437	6.676847	6.541349	7.267237	4.613783	7.178176	8.591492	6.59018	7.555515	6.770054	6.523294	8.224259	7.02334	7.287121	6.51468	6.06965	6.56968	7.374059	7.36331	7.594845	6.192088	6.131599	4.779777	5.638051	8.14825	8.152456	8.331845	8.959923	9.040248	8.60706	7.899717	7.252823	7.8916	7.667015	7.316413	8.329719	5.921312	8.58853	7.227211	6.685251	7.842368
CYP26B1	2.23417	3.37295	2.667262	4.40051	2.17875	2.288737	4.425725	3.977066	1.242422	7.063922	1.770765	1.975882	5.224637	7.312455	2.165214	44.930043	4.537689	4.400594	9.52096	6.568163	6.402677	5.848976	4.444323	8.325293	7.405965	16.196405	6.464419	3.5443	8.778393	5.380905	2.28522	67.243704	11.62742	5.949473	10.69614	11.988019	9.740856	9.57759	5.286309	6.952725	13.335976	19.045707	12.883269	1.544439	10.680605	2.967305	1.045109	67.921551	8.6069723	4.3582867	10.4162083	14.5086877	9.762223	10.29641	7.0465573	8.8791827	6.8588317	38.03604	13.1386167	1.120546	10.081704	2.863652	0.9479575	43.77778	8.111177	6.027636	10.761263	13.997633	7.970154	10.318207	6.660797	8.446091	8.635495	7.45396	14.358563	1.603436	9.056661	6.610532	0.694483	42.998981
DGKI	2.524652	2.452567	3.588606	3.070561	2.365168	2.583928	3.330355	3.231023	3.128296	2.037182	2.71809	2.901891	3.190117	1.989274	2.343042	2.165884	2.208123	2.024004	2.613752	2.286405	1.943118	1.661654	2.441689	2.905827	2.775926	1.837021	2.378805	5.155171	3.127834	2.10607	3.887223	1.855448	1.0981462	0.9565193	1.4166256	1.173374	1.2709734	1.4263853	1.0099677	1.2633747	1.6896542	0.8073917	1.1660763	1.1774897	1.4985898	1.2945113	1.798386	1.362761	1.3028237	1.1930917	2.355651	2.111763	1.6469567	1.486168	1.391641	1.4137667	1.284752	1.8292513	2.3051242	3.8710005	1.1624477	0.9199747	2.1004545	1.660265	3.085401	2.216565	3.152677	2.410573	3.220511	2.910774	2.213844	2.326138	2.710412	1.457307	2.800751	1.985075	2.452725	1.475012	3.046939	1.904775
DPYD	0.5082721	0.6373571	0.5654378	1.5056765	0.4237124	0.5538983	0.3533547	0.4009862	1.1240782	1.121634	1.0672813	0.4136098	0.3729016	0.6620439	0.1700055	0.3868731	0.4699645	0.649517	0.5977735	0.8129925	0.5434948	0.5884308	0.3359713	0.4756913	0.345047	0.6927285	0.695424	0.3542567	0.500844	0.4538375	0.2957406	0.2602588	0.5820597	0.6118313	0.7058064	0.7509128	0.513325	0.8969537	0.6108712	0.750161	0.6535504	0.8095562	0.6785053	0.6893637	0.448443	0.8307853	0.4897943	0.1896565	0.834884	0.919977	0.7032567	1.0670885	0.7555513	0.831008	0.991411	0.8062883	0.8495387	1.1554897	0.995222	1.1154805	0.8181037	0.9096673	0.8922915	0.3697078	0.9313263	1.0862096	0.905687	1.2016378	1.0369608	0.9292683	0.795551	0.7768785	1.0416063	1.5336002	0.9671087	1.3451075	0.7997014	1.1360797	0.9859873	0.3075313
EPC2	15.28329	14.98061	14.99747	16.13065	15.60761	16.15247	15.82388	15.02686	14.61512	15.75815	13.66505	12.57243	12.92564	13.42229	7.46098	11.22251	5.341396	5.544476	5.774712	5.442158	4.954785	4.821037	5.221818	4.919735	6.563797	5.73678	5.612286	4.984753	6.54436	4.865614	3.317067	9.091537	5.182502	4.655286	5.594232	6.008476	4.814832	5.360127	4.721021	5.000716	5.136975	4.633782	5.355211	3.169567	6.148124	5.364662	3.773249	10.163955	5.516733	4.982651	6.301604	5.680334	5.995396	5.946381	4.65113	5.398161	5.808807	5.310677	6.769622	5.398122	5.552866	3.440478	3.636141	9.617831	6.766471	6.409741	7.388044	6.80631	7.327558	6.954951	5.372797	6.202896	6.551973	5.454856	7.06499	4.477403	7.864241	5.107993	3.771902	9.77709
ETF1	12.11598	12.80283	12.10419	11.75934	12.47828	13.13409	11.98815	12.05049	12.13963	12.28794	11.63671	14.02481	11.14494	13.89169	14.13702	13.09168	13.62377	14.67891	15.22048	15.21739	14.27424	13.43162	13.60135	15.63106	16.6473	13.47109	15.8407	16.03856	14.84112	13.36108	15.8143	11.31351	15.309409	14.272849	16.517375	17.107939	13.291064	16.558843	15.541217	16.078973	14.552112	13.78377	15.584938	13.760068	12.611117	20.862669	15.189706	9.958635	13.65615	13.21384	15.14385	14.7414	13.87239	13.3043	12.37476	12.67086	14.16057	14.03645	14.6039	14.18954	11.70113	10.87934	12.20928	11.07339	14.14676	14.84006	14.2478	16.6919	15.10577	14.07957	12.76637	13.47255	13.63317	14.51887	13.84442	14.57777	14.26007	14.60848	13.7402	10.10978
GALNT10	2.194348	1.699911	2.744093	1.980756	2.030371	1.904283	2.408668	2.494214	2.080718	1.637847	1.772998	2.24351	2.888378	2.539036	2.389341	4.050571	3.178858	1.840837	1.566529	2.281816	2.475959	2.666434	3.554769	1.752854	3.23732	5.157527	2.308437	4.820062	1.25955	3.911639	2.392266	1.761658	2.398866	2.880707	2.740455	3.766666	2.295137	2.825554	3.260644	2.418919	2.440676	3.672765	2.610723	3.09133	2.180075	2.889798	3.084247	1.689519	2.342201	3.059515	2.130626	2.464405	2.449058	2.337863	1.943682	1.99406	2.051202	2.818669	1.997612	3.553975	1.951109	3.092654	3.564283	1.428843	1.725288	2.011303	1.556918	2.265463	1.720993	1.902917	1.499152	1.365169	1.479771	2.988078	1.66017	3.243612	1.057838	2.773882	2.843787	1.436638
GIGYF2	6.158218	6.480276	6.521091	6.35496	6.283312	6.177032	6.835654	6.425782	6.402388	6.751192	6.524694	6.338643	6.775414	6.45685	4.012141	6.126817	3.990757	4.518906	4.058481	4.310333	3.764658	3.512917	4.369019	3.885856	4.330778	5.336247	4.38021	4.971171	4.792103	5.11156	4.072466	5.03428	3.28454	3.740133	3.856903	3.546178	2.976649	4.599794	4.079255	3.673278	4.284323	4.339709	3.456483	3.311513	4.695519	4.468828	3.892341	5.725462	4.298208	4.283279	4.733729	4.053086	4.396948	4.117251	4.277422	4.518738	4.421209	4.62174	4.113964	5.588366	4.451365	4.808248	4.305401	5.558739	5.028772	4.650661	4.933482	4.308326	4.598216	4.887599	4.318761	4.509136	4.449105	4.200674	4.765993	5.096874	4.772297	4.550017	4.59248	4.958577
GPM6A	384.7676	332.6219	402.7246	309.4999	374.3699	406.2318	411.7629	414.8797	368.8009	198.0406	297.8148	151.7725	270.2998	181.804	186.0597	195.6458	262.691	287.9455	327.7788	347.8841	333.2996	349.3103	245.3028	345.9351	361.9635	251.7261	330.9978	222.4604	296.6914	233.5162	117.3468	313.0876	362.5963	319.7709	396.6126	513.7222	238.0395	279.6109	328.5961	317.1796	306.3954	246.6939	401.8374	142.0529	277.1432	280.3917	101.5619	224.6396	186.08788	195.31619	199.60155	196.16616	227.528	198.75795	137.15653	145.75045	184.66103	177.89505	181.58148	128.42922	157.55778	127.43048	64.77558	222.08051	160.89594	190.97736	186.69053	252.56531	201.63395	185.6355	132.51541	147.30599	167.43996	198.01644	170.54895	108.27316	149.4468	197.11818	57.49405	211.0406
GRAMD1B	9.238068	8.344444	9.247993	10.687104	8.323778	7.807582	8.367712	8.9831	9.924644	10.118812	9.788	8.408807	9.720998	9.039448	9.460798	7.547124	14.78283	15.7767	16.52031	14.29921	15.08676	12.20838	18.42542	16.81035	17.86028	14.59537	15.2062	12.07458	22.9704	13.90383	13.15529	27.74033	10.51828	9.677969	10.671078	9.269648	9.882918	10.382596	10.33842	9.846452	13.171266	8.451821	10.518168	5.603382	16.912956	11.098832	13.001294	39.569234	18.32114	15.19451	20.41725	16.22064	19.74202	18.25709	20.14975	20.82416	17.83216	14.90997	19.00609	10.53157	19.83767	12.96888	19.10924	42.2782	22.291946	18.704188	22.277718	15.696479	20.663566	20.413119	23.939234	23.649538	21.27852	12.108079	22.752866	9.390025	25.655499	15.478658	21.260885	42.041315
GRIN2A	0.9735238	0.9201559	0.7950204	1.2176146	0.7560692	0.9126377	0.6874207	0.8674659	1.1773068	0.8749364	0.8625888	0.7299319	0.7919712	1.3789789	0.342764	0.7696426	16.852826	15.939747	19.546893	13.727918	15.868103	12.19487	20.954712	19.398675	20.107548	9.737806	15.58073	7.062654	24.665251	9.413195	1.059549	6.443128	12.624713	9.977128	13.340092	11.346641	12.772658	11.515776	9.363578	10.772299	15.854703	6.246528	13.450361	1.974406	15.048388	10.494206	2.51252	7.182884	13.88854	10.807159	19.958592	15.563922	15.677103	13.99359	13.210625	13.897426	14.291447	12.319571	18.090111	4.868805	11.853126	7.559489	3.199314	7.544237	21.659234	18.350524	21.855139	17.570824	21.213028	20.038542	17.498857	18.316183	19.912818	9.407606	21.093977	3.23417	24.655583	11.396985	6.325411	7.35069
GRM3	29.96482	25.61699	44.87326	41.47354	31.27644	28.67121	39.36792	43.80913	47.66232	28.27336	38.31858	69.7531	35.65258	21.32278	27.20613	21.54497	54.536766	30.240503	32.918241	39.895422	48.508189	52.945204	64.271323	29.702142	65.071935	32.743653	40.158794	74.910631	28.027969	26.774716	7.235108	14.875574	41.39131	40.31433	50.41309	48.45329	30.09391	46.88458	55.87196	41.18665	42.7562	28.12522	45.16741	44.78558	38.6427	27.80981	13.61253	15.70974	45.09753	45.60613	37.1063	43.31157	45.50954	45.54622	41.93597	35.06782	36.39482	41.67289	38.12204	76.62579	35.3024	31.13962	17.77169	14.08307	32.83282	32.46698	27.97771	31.13227	30.37139	33.53758	27.89579	26.53302	28.53157	33.87593	31.71534	60.84738	20.74898	26.66201	19.48053	14.12488
HCN1	3.0597987	2.5701011	4.7151627	3.8085045	2.6177299	2.8090161	3.8360395	4.3202384	4.3130121	1.9890846	3.2451256	1.801807	2.9562381	2.7297197	0.9029736	3.9168608	6.691654	6.615274	7.812196	6.110938	6.091795	4.972905	9.046152	8.080341	9.299838	4.858405	6.457978	3.146702	10.731518	5.893106	1.522446	7.89993	9.287879	6.945234	9.328376	8.039216	8.310104	6.424051	6.523408	7.786659	10.293819	4.506096	9.664384	1.204521	13.883067	7.914677	1.318674	9.068456	10.669486	7.324364	15.086675	9.562039	12.241894	9.617169	11.379	12.547567	12.49549	8.309598	13.533342	1.885019	10.421797	4.500376	2.316159	8.932619	16.667029	13.324264	18.309196	13.191569	15.313292	14.811791	15.588491	17.047665	16.626539	7.327774	17.80158	2.498932	20.774849	8.929954	2.286609	9.510569
IGSF9B	0.4305472	0.4001491	0.6467486	0.505706	0.4513847	0.4400081	0.8407717	0.63815	0.5274886	0.9346903	0.7008896	1.8824386	0.7673288	0.6087074	1.0640379	1.1197151	0.771607	0.5016396	0.7651172	0.7280658	0.5118728	0.543451	0.8415443	0.6875383	0.675583	1.2220207	0.6676293	1.0597697	0.7104878	0.7255913	1.014834	1.9758578	0.4002785	0.4116785	0.3703014	0.500067	0.4270664	0.4772893	0.302476	0.337664	0.605322	0.380009	0.4287722	0.3638197	0.565869	0.206378	0.4536533	2.9396222	0.582596	0.5717103	0.6403733	0.6019175	0.7391593	0.573666	0.6228487	0.575607	0.4221913	0.4034127	0.6217535	0.617101	0.5681727	0.406077	0.753477	1.913608	1.1403973	1.43035	1.1101458	0.448594	0.7415916	1.278057	1.340771	1.254278	0.809844	0.3568933	0.8371513	0.3434103	0.629811	0.2728442	0.6094072	1.8972002
IMMP2L	1.1407808	1.3145033	0.990421	0.9962099	1.2924262	1.3145992	1.0393034	1.0976204	0.902511	1.3482215	1.0009001	1.4461999	1.1712762	1.4625207	1.529625	2.3834471	0.8713017	0.8717886	1.0812435	1.259688	1.2509382	0.9395742	0.7536633	1.0695085	1.003328	1.0371833	1.1111178	1.3874887	0.9048596	1.100898	0.8257204	1.2197268	1.4315793	1.2564515	1.4756784	1.3493558	1.1652316	1.38843	1.156993	1.5422903	1.197952	1.1757052	1.6169418	1.6155603	1.1793102	1.563684	0.9221187	1.2178923	0.966341	0.9463183	1.017741	0.9382638	0.9565487	0.8969077	0.9194547	0.8581797	0.996863	0.904074	0.9615077	1.1450975	0.9715607	0.8266137	1.0282085	0.8912567	0.9873975	1.2300566	1.1234522	1.4214495	1.2162434	0.9899972	1.0835735	1.2579748	1.0037337	1.4422945	1.0353312	1.2695038	1.1067004	1.3812138	0.9606203	1.1377465
KDM3B	14.614874	16.39125	14.334039	15.329469	15.574992	16.009994	16.111154	15.206596	14.192223	20.465458	14.837226	14.512939	15.630244	20.386785	9.807706	21.262822	7.809272	6.541261	6.51975	6.582892	6.819691	6.908589	9.015295	6.223944	8.678614	10.963146	6.944254	9.61871	6.495983	7.958792	5.444512	11.693859	6.114138	6.593649	7.532569	7.700101	6.139761	8.650355	7.917848	7.032786	7.248382	7.242505	6.859446	5.668206	7.561607	7.928965	6.323766	12.10546	8.269764	8.95488	8.756573	8.494425	9.502032	8.454758	7.651218	7.86996	8.077773	9.079904	8.302454	11.584814	8.369628	8.436795	8.958507	11.249549	8.967607	9.150768	8.694295	8.708922	8.70056	9.433534	7.939336	8.136244	7.996979	9.323917	9.042422	10.020949	8.160522	8.294395	7.914915	11.010601
MAD1L1	3.995538	4.106969	4.090931	3.770566	3.993074	3.748165	3.548752	3.348486	3.659004	4.861135	4.398768	5.316235	4.437788	4.346472	3.00314	3.158863	2.936562	2.773199	2.902135	2.447886	2.893036	2.785471	3.03668	3.243605	2.565518	2.93869	2.588513	5.760174	3.587749	2.690435	1.811257	2.551061	2.254814	1.970843	2.176934	1.566207	2.093346	2.580984	2.45316	2.501809	2.306639	2.234807	2.151089	3.918523	2.397954	1.835422	1.70105	2.78576	2.864156	1.952032	2.554705	2.593376	2.536083	2.752976	2.808798	2.783483	2.338393	2.693823	2.325151	3.191672	2.517739	2.488891	1.991986	2.682329	2.668518	2.151129	2.444772	1.93964	2.129971	2.531253	2.749113	2.701304	2.632199	2.142834	2.85788	3.299629	2.603029	2.175783	1.468444	2.367145
MAN2A1	1.2242938	1.6538872	1.6298321	1.4669919	1.5050179	1.3233029	1.5563517	1.5687696	1.3496489	0.9972386	1.2636615	1.0988648	1.6651693	1.2285879	2.0502048	2.19601	1.7762303	1.5733842	1.6896605	1.3670078	1.515764	1.532426	1.8658877	1.7489295	1.7486047	1.4377	1.4272437	1.8921557	1.639418	2.1113478	1.0701992	0.6772096	1.72807	1.563849	2.042703	1.695666	1.617707	2.186152	1.796929	2.241581	1.911581	2.13725	1.582076	2.169909	1.90168	2.774994	1.861298	0.527846	2.502971	2.3559943	2.207096	2.5468558	1.922243	2.0204173	2.566823	2.4510597	2.9413423	2.8684837	1.9121013	4.6899155	2.2983023	2.8387697	1.8495455	0.7625635	3.7252125	3.3020594	2.8079927	2.8510525	3.8451346	3.2856938	2.9869408	2.5911007	2.9000917	3.6339943	2.7620752	4.7738315	3.3612526	3.2668953	2.7657942	0.5683847
MPHOSPH9	1.034	1.4983475	0.9223414	0.9700823	1.2726264	1.2257156	1.0057048	0.8652488	0.9635928	1.7068128	1.1053121	1.2016208	1.2640025	1.6148279	0.692749	1.933276	1.0871738	0.8660502	0.7807323	0.9006553	0.9643368	0.88062	1.072945	0.7502053	1.3675037	0.9954505	1.0218623	0.9911603	0.9419272	0.8751565	0.6387176	2.1500252	0.6338397	0.7635752	0.847203	0.8259176	0.6716834	1.001101	0.7441083	1.0255383	0.8702526	0.7455093	0.7592253	0.8765313	0.9129342	0.7332695	0.7675593	2.0138078	0.9880397	0.992981	1.1535878	1.0861132	1.0980033	0.966528	0.983712	0.974399	1.3404163	0.9966283	0.9638003	1.493162	1.193179	0.8221457	1.0269135	1.7109007	1.431293	1.326024	1.278117	1.070757	1.254096	1.327117	1.246278	1.313198	1.273076	1.257943	1.150838	1.361994	1.443909	1.076151	1.07464	1.972281
MPP6	5.026913	5.706681	6.975929	5.871497	5.623641	5.519022	6.421376	5.815513	7.188172	4.09233	6.245599	3.389446	6.122704	4.762952	2.274986	4.541153	3.509908	3.969312	3.635804	4.247059	3.010617	2.767373	3.539715	3.37679	3.82352	3.723695	3.86181	6.478322	4.011083	4.418825	1.470754	1.585621	2.426811	2.924702	2.628864	2.997092	2.439015	2.993908	2.808405	2.702745	2.839295	2.54453	2.540391	2.789344	2.05344	3.527815	1.701872	2.078846	2.718448	3.351914	3.871836	3.249684	3.242565	2.835004	2.694839	2.911922	3.092959	3.364823	3.519426	6.499965	2.278726	2.985821	1.874529	1.421487	3.486901	3.882011	3.820886	3.596236	3.964192	3.517417	2.990613	2.751139	3.522922	2.587333	3.230571	3.37052	2.226531	2.898308	1.584092	1.657433
NAB2	16.308063	16.823901	16.540535	18.855644	16.399517	17.03206	15.326082	16.767187	16.705945	18.4565	19.940634	15.27406	20.456145	20.800072	7.347369	13.173126	10.151226	11.744139	14.218497	10.524344	12.57244	12.294317	11.617427	12.794228	12.660652	11.292414	11.384242	13.08105	13.484506	8.810626	8.152444	40.67159	9.198177	7.98506	9.967264	7.736848	8.520271	9.140673	9.805971	9.956055	9.146595	8.989474	10.80635	7.902367	10.550657	7.847959	5.651197	46.212989	10.630453	9.240297	10.402161	10.514151	12.244293	11.345651	10.618199	10.517799	10.720779	11.061966	10.366594	8.792167	12.526541	9.787155	6.204181	45.251734	10.644208	9.635528	11.345935	8.847477	9.981222	10.393338	11.750096	11.873939	11.856779	8.379819	12.131154	8.153514	12.707982	9.064693	3.189101	38.344993
NFATC3	3.396078	4.180704	2.930525	2.908924	3.997583	3.795981	3.514966	3.15482	2.980537	5.559189	3.219113	3.629135	4.022462	4.957285	2.146292	5.265043	2.341439	2.064085	1.884742	1.771477	2.300986	2.285624	2.118491	2.330493	1.805333	2.558395	2.125888	2.282913	2.031078	2.603039	1.745302	3.877621	2.306317	1.873605	2.897144	2.296777	1.505367	2.950502	3.03125	2.545069	2.405686	3.388829	1.920868	3.260287	2.526687	3.384469	2.542344	3.21389	2.680755	2.672429	2.186497	2.661942	2.151414	2.479258	2.822817	2.682115	2.999296	3.01252	2.180744	4.008672	3.004921	2.971708	2.347614	3.586523	2.214356	1.953838	1.877861	1.779974	2.110516	2.064095	1.896788	1.963425	2.160745	2.809558	1.962467	3.606905	2.206706	2.444059	2.458553	3.084266
NLGN4X	5.943636	5.383656	6.116897	6.659673	5.561632	5.667985	4.989908	5.516451	6.578335	8.83431	5.943447	7.810932	5.990978	7.978064	10.402666	7.046941	9.043757	8.887491	8.945411	9.292573	8.135258	8.267037	10.231084	7.718048	10.561596	9.400854	8.84643	9.275837	10.759265	8.818079	14.740751	6.811981	5.326672	4.981718	6.205699	7.683451	4.414394	5.825426	5.584786	4.746525	6.15125	5.420755	6.202531	3.291803	6.632415	6.396469	8.751319	6.447578	5.545224	5.756173	7.054447	6.627407	7.171468	6.217425	4.882773	5.592616	5.656605	6.783352	6.904832	7.111948	5.723548	5.579199	9.921229	6.682851	6.244966	6.85412	6.869953	7.704084	6.209164	6.843221	5.183681	6.081116	6.248119	5.94383	7.265105	5.523401	7.508989	6.284791	9.945992	6.039473
NRGN	57.970847	25.170033	31.900427	44.367777	32.209261	21.674836	33.485986	41.38336	63.678224	43.326234	56.745026	92.683087	49.576492	52.395602	5.695882	4.910252	704.68765	754.886085	830.331224	664.8028	834.939903	709.389336	1041.63016	1019.337681	869.586804	554.802595	689.253973	1487.969897	1197.618911	372.400738	63.80338	4.879922	1071.683643	758.814727	900.896017	573.224024	1114.472192	983.041183	994.045833	942.081974	1227.965335	529.233298	1167.095249	874.857207	1240.741593	250.275551	33.399049	2.474244	895.13673	536.60925	901.7778	779.00706	970.61392	967.28651	696.41911	766.95232	678.2374	566.05144	796.79927	606.80576	767.38663	346.36872	19.05013	10.66628	802.369425	651.175768	791.032249	636.143503	799.128918	802.779926	966.854723	974.779419	972.524992	414.325593	982.929056	556.746469	838.245496	412.464411	10.811928	1.863617
OTUD7B	0.7352346	1.0036288	0.5290576	0.6115788	1.0734882	0.83913	0.5608149	0.4809548	0.8502906	1.4932541	0.7801811	0.9155803	0.9680359	1.6595777	0.904337	1.4936666	2.354406	1.77377	2.047353	1.663004	1.52243	1.543347	1.882355	2.30132	1.473148	2.309224	1.750995	2.152619	1.409188	3.076186	2.576469	2.093703	2.26064	2.291345	2.651608	2.134247	2.108107	4.212507	2.892966	3.192957	2.953609	4.303868	1.696212	4.907895	3.390508	4.520087	4.242951	3.003917	3.766233	3.53679	3.050966	4.082718	3.145406	3.352076	4.645964	4.530916	4.676212	4.753769	2.776033	6.527914	4.660481	5.865551	5.290878	3.365476	3.746539	3.000686	3.145654	3.061966	3.0823	3.698751	3.466719	2.768598	3.501403	4.677904	3.429009	7.167404	2.884175	3.897668	5.899037	2.708221
PAK6	8.682637	8.308395	6.976657	8.17552	6.073735	6.872419	6.221563	6.852297	6.347689	6.104876	7.461576	16.813053	4.069856	5.424736	17.61846	2.738689	22.577238	28.746187	23.580125	24.805963	26.902561	22.209242	23.737049	24.865863	19.842833	18.923623	20.426318	28.770343	26.241421	13.720547	9.724422	2.045369	11.221272	11.60077	9.046379	9.653311	10.942501	11.748852	8.841206	7.820169	11.859343	7.934395	12.949738	8.47262	9.599833	6.049815	2.67417	3.07373	11.516533	12.424549	12.253528	13.555393	15.40169	14.037846	8.293752	9.407019	8.845842	10.906529	12.306755	10.259445	10.016903	9.214498	3.750995	4.627022	10.236025	12.716827	11.014125	13.697235	10.657358	12.706049	9.695847	10.644068	11.560634	11.141018	13.261352	9.045756	11.15809	10.190657	3.417079	5.149049
PLCH2	1.718798	1.169797	1.291993	1.395599	1.510067	1.148289	1.048944	1.059898	1.604027	1.189908	1.762298	2.544626	1.30638	1.116046	3.02187	4.999776	3.154886	3.027111	4.052799	2.422693	3.02861	2.587412	3.887143	3.445758	3.061786	5.138004	2.789938	3.497043	3.734027	3.861356	5.398028	19.353993	3.058847	2.717046	2.546054	2.527837	3.138659	4.01285	2.392063	2.646234	3.505088	2.446886	2.839209	1.381866	2.559474	1.989654	5.087872	20.034162	5.563541	4.654432	4.817519	5.698398	6.487117	6.269853	4.145747	4.281271	3.51769	4.172695	4.610073	1.586406	4.020406	7.133367	6.583481	13.723564	4.53201	5.425125	3.628283	4.491083	4.130739	5.455589	3.930918	3.820477	4.614507	3.190468	5.011142	2.33472	3.704049	3.361926	6.567757	12.240486
PRKD1	2.09405	2.948621	1.099717	1.851395	2.648463	2.765996	1.672029	1.262931	1.544972	3.935971	1.948007	1.9849	1.868349	5.221619	1.074433	5.163038	2.61563	1.784298	1.450885	2.108682	2.278805	2.345634	2.696277	1.325561	2.874271	3.108242	2.196943	2.892152	1.228128	2.617672	1.669608	2.461671	2.23368	2.713847	2.72588	3.004604	1.786078	2.56039	3.011799	2.72196	2.21303	2.422255	2.303193	2.335682	2.427672	2.498069	2.08366	1.56129	2.261072	2.205344	1.734585	1.999195	2.385204	2.231356	1.788558	1.870232	1.808725	2.383255	1.731862	2.922814	2.143568	2.378662	2.080519	1.076674	1.8006158	1.7127784	1.4270997	1.9793225	1.838025	1.837938	1.6488347	1.4923437	1.4805012	2.1193618	1.4310062	2.9508983	1.5422406	2.3171307	1.5415777	0.9651952
PTGIS	4.658929	4.145047	4.686738	5.466872	4.093944	4.408677	5.5659	4.864396	5.381504	5.169293	5.706256	4.862879	4.293002	4.945086	6.043229	4.391856	2.5490063	2.295095	1.8710292	1.9398225	2.1795596	2.018803	2.0273393	1.8830045	2.409453	2.0318742	1.9385175	2.0412747	2.793579	0.8933455	0.8533404	0.6403576	1.1324303	1.6353798	1.117945	1.02396	1.1678238	1.1376563	0.9226973	0.8374267	1.0411242	0.4867093	1.2776385	0.9927577	1.6062746	0.4980783	0.4000993	0.300379	1.123179	1.596316	1.225734	1.088227	1.556933	1.000354	0.76149	1.15689	1.001282	1.030148	1.515695	1.660009	1.497314	0.947621	0.493843	0.237988	1.1028147	1.1688326	1.734224	0.8511985	1.2161084	1.2860188	1.0169282	1.1741133	1.841086	0.7273122	1.5921477	1.2906012	1.3829252	1.2899858	0.6102247	0.2139885
RERE	17.96236	16.07528	16.98279	16.78583	16.79557	15.95496	19.33121	17.61442	16.71846	18.16037	17.21886	17.7292	14.83347	14.09551	13.70807	14.45608	11.490836	11.333432	10.29498	10.242373	10.28969	9.481694	12.784067	10.318614	11.639842	13.405065	10.165752	10.229633	11.313076	11.035674	7.995615	11.875327	8.898508	8.658955	9.789041	9.714661	8.830252	10.507997	8.944831	8.911878	11.476828	10.197701	10.310332	5.89503	12.587228	8.380593	7.999985	18.293145	11.837561	11.569782	12.334695	11.839229	12.801644	12.697178	10.760601	11.667714	11.560845	11.628081	11.527772	8.961756	12.742562	11.213023	10.2987	17.041201	13.374147	13.082567	13.287475	11.924876	12.457151	13.997859	12.765459	13.318291	13.006577	11.890946	14.742164	10.270841	15.674959	10.823711	9.885828	16.696354
RGS6	3.446781	1.7936238	5.9371766	4.6068412	3.211094	2.0867524	6.0925938	6.5646988	3.6775011	2.307857	4.0652476	1.6822844	5.4442995	0.8906867	1.3021895	2.0090506	2.3203002	2.4862664	3.2387658	2.6814867	2.6571008	2.0806478	2.540159	3.1119038	3.0158017	1.6376827	3.089069	0.8314247	4.5985702	0.8144218	2.0086888	2.6392356	2.8842778	2.6423778	3.0737408	2.0664688	2.9041772	3.1936087	2.7819868	3.1766737	3.518904	1.2896183	3.1876403	0.629853	3.9585012	0.6612777	1.8458247	1.2913218	4.6080653	3.1684233	5.4795393	4.1872327	4.9084383	4.6525023	4.2260613	4.440106	4.3826063	2.7937057	5.2643002	0.7531345	3.9312657	0.7136697	2.8264095	1.4763228	5.0515718	3.9250274	5.5567233	4.0307842	5.3537474	4.9909712	5.1590828	5.3304307	5.2128662	2.060271	5.540512	0.9865367	5.2799206	1.2976208	1.811025	1.710413
SATB2	72.4164967	40.9658232	84.6603943	53.0063772	57.8592657	53.4218637	67.9302442	71.1921477	87.0060436	13.6025591	61.0855805	1.848469	47.0543653	4.9119735	0.4567229	2.6337741	8.696906	9.886216	9.3257442	9.3516458	8.9219814	8.022568	8.7107093	9.652273	10.9468447	4.2315723	9.0255642	0.4903997	10.9832198	1.8783547	0.1792186	0.321478	6.1748585	5.3238842	6.1024394	5.9324062	5.5931098	5.8804783	4.914007	5.3719817	6.5914264	1.7066872	5.9656445	0.4204643	6.8010918	1.6190768	0.3793907	0.180923	6.1544033	5.863005	8.5279122	7.2408592	7.495984	6.43797	5.9796653	5.9834017	6.416734	2.3288717	7.6840492	0.5391915	5.4073263	1.2014857	0.449084	0.1900527	9.6090643	8.9382456	9.5038532	7.8064958	10.0541468	9.1166673	7.3826475	7.851114	7.9321917	3.8013497	9.3014433	0.5541943	9.8630554	2.2694767	0.4692613	0.1844743
SDCCAG8	10.820767	11.070209	14.591778	11.842908	11.167661	10.631422	13.128431	14.291452	12.962325	9.678153	13.830045	5.926204	14.66857	9.137992	6.429427	5.352076	7.176149	6.552896	5.767651	7.464545	6.699932	6.44843	6.592913	6.132277	8.864134	7.45227	7.194782	5.960326	6.637644	6.796245	4.84291	5.08192	5.367467	4.469898	5.442161	5.374901	4.115386	5.538108	5.310968	4.934489	5.207455	5.606476	5.616689	4.282765	5.469039	5.483286	4.930486	4.44017	5.717018	5.187026	5.519777	5.295735	5.25332	5.620086	4.892239	5.207539	5.823093	5.692638	5.414842	5.280486	5.462826	4.900935	4.437627	4.228697	5.160522	4.716093	4.935446	5.093487	5.186789	4.973157	5.152918	5.102954	5.047714	5.482948	4.980814	5.361738	5.603057	5.802037	5.161085	3.986164
SHMT2	7.391848	10.592355	5.705373	6.630708	8.940712	9.356726	6.365918	6.126689	5.947377	11.436612	7.481852	7.351433	8.891017	12.785584	6.360807	12.915563	6.323231	4.620037	5.555622	4.785841	6.520687	6.210287	6.344302	5.763704	6.270615	5.780835	5.34049	4.730079	4.815768	5.719881	5.910919	15.536715	7.287804	6.063291	7.436287	8.276338	5.213235	5.692698	9.298538	6.627081	8.110528	5.968004	8.396655	5.895505	7.706997	6.493431	7.164553	13.390733	5.404125	4.71046	4.518561	4.99092	5.492123	5.465971	5.647994	5.279438	4.962116	4.871954	4.757988	3.574931	5.525958	5.990554	6.004744	11.596827	3.965151	3.845395	3.63648	3.643905	4.136164	3.940063	4.390707	4.278498	4.466887	4.054225	3.98459	3.741342	3.95715	5.248451	5.390327	11.699089
SMG6	9.592475	9.540548	10.111634	9.615922	9.663649	8.7617	10.287479	10.042476	9.463527	10.743627	10.306873	9.004587	11.310302	10.252184	6.744007	9.430521	6.918228	5.845784	5.70455	5.472002	5.409485	5.65856	6.910499	5.318369	6.036051	8.801752	5.762	6.779085	5.997523	7.097022	5.625975	9.122092	4.757017	5.308689	5.647227	5.279776	4.523077	6.275745	5.958325	5.010432	6.063145	6.918875	4.958463	5.926479	5.897834	5.119355	6.893808	10.127829	7.49579	7.850756	7.497845	7.289866	7.846307	7.72441	7.665607	7.487432	6.418666	9.189493	6.944257	7.654227	7.863704	8.390092	10.415768	10.715675	7.422701	7.566962	7.229311	6.566177	6.672594	7.729968	6.848005	7.115887	7.114733	8.053547	7.850495	8.657507	7.273496	6.80385	7.673812	10.000015
SNAP91	34.46786	30.7823	38.5691	35.97123	29.87135	33.02654	39.06918	39.67436	34.26979	20.70255	30.52182	25.33094	26.88734	22.26905	56.28213	24.42095	40.98689	48.83557	47.51757	46.91144	40.84315	36.80217	43.41351	49.01413	51.03198	44.93786	43.324	25.05231	49.74978	39.31533	66.44693	49.78717	47.69804	42.62095	46.30351	52.91367	43.98166	41.47449	35.90308	44.62942	48.8726	37.1438	48.9009	12.97969	50.95859	48.35234	48.80053	56.2514	46.91536	41.84662	56.92749	51.53926	55.36773	46.08701	46.76694	47.08241	46.24171	44.1426	55.75385	17.83416	41.47151	25.01559	44.41892	67.36046	61.31609	63.77774	69.19329	68.57646	68.55033	58.43526	58.50111	64.77472	57.91671	44.99167	69.67311	18.12657	76.02633	50.78226	54.0552	65.9727
SRPK2	23.77943	23.14131	26.15847	24.64779	23.95828	25.99437	26.88675	27.32632	23.59176	20.01803	21.61107	20.02942	21.44256	18.43294	20.65118	18.32758	20.21851	25.51374	24.62744	25.10785	21.592	21.01939	20.23587	24.9504	23.80226	19.33269	24.25046	19.16207	24.92345	18.15953	30.2234	18.8376	20.48044	20.04489	22.55855	23.6559	17.13176	21.27758	18.0364	20.14912	21.43273	16.57601	21.17876	12.05883	20.51664	22.34676	22.23899	18.01657	19.79389	19.43638	26.00329	21.29039	22.28285	19.80756	17.84149	20.00313	21.66283	20.98333	23.80933	18.40265	17.65115	12.74774	20.27083	18.44073	28.11077	27.83515	29.96521	29.38227	29.69682	28.01576	21.94607	24.62238	24.37439	22.47115	28.5913	18.62273	30.11492	21.68276	25.63862	18.36769
STAG1	10.106424	10.471702	8.976791	10.555159	10.367376	11.43714	9.968352	9.249147	9.348733	13.871132	8.981041	9.68817	8.244914	12.142729	5.649637	9.661918	3.148096	2.606084	3.013513	2.962625	2.910687	3.132343	3.166152	2.668684	3.443885	3.766945	3.048385	3.349754	2.589793	3.439525	2.244729	8.370253	2.085164	2.461528	2.899712	3.282037	1.764444	2.792191	2.632265	2.884726	2.408764	2.884528	2.605148	2.044178	3.07608	3.515503	2.039753	6.431433	2.5672	2.646998	2.480657	2.4301	2.44073	2.158918	2.140168	2.368211	2.81475	2.892039	2.4361	3.58823	2.89114	2.455329	2.139658	6.82254	2.69833	2.977946	2.885842	2.861441	2.677242	2.771706	2.305515	2.457706	2.861754	3.277602	2.649549	3.443253	3.331389	2.871229	2.485273	6.608739
TCF20	14.758559	14.347163	18.485108	17.289225	14.71649	13.889566	18.984003	18.508434	16.491665	14.774459	17.953083	19.274944	18.009752	12.631249	7.728183	8.092636	5.760082	7.23933	5.718935	5.771609	5.263172	4.751498	6.619529	5.458236	6.223421	7.125654	5.672736	8.967039	6.77205	5.836711	4.149287	5.786576	3.280599	3.182108	3.220704	2.798893	3.147936	3.820512	2.987684	3.009908	4.680862	3.745167	3.103718	2.481876	3.617619	3.465001	3.007314	5.89373	5.777626	5.906388	6.585718	5.961901	6.538894	6.265227	5.100897	5.437631	4.721832	7.092698	6.191202	7.163712	4.763516	5.396911	4.747606	5.914998	7.031703	7.714249	7.133202	6.031534	6.929019	7.360624	6.588169	6.439037	6.36584	5.5166	7.284047	5.706915	6.27004	5.908177	4.281098	5.670751
TCF4	35.438469	40.282921	50.501366	49.022205	38.026909	39.535249	36.401221	40.564465	49.360017	49.552781	45.93843	13.263385	45.761959	72.284106	5.413142	27.038894	17.232184	16.242723	16.612969	18.76986	16.48459	16.066472	18.506621	14.273476	20.505274	19.201823	17.914194	9.544375	17.129019	19.735329	3.581311	23.812138	12.147293	12.862892	15.256503	18.675597	10.656639	14.57826	12.895155	12.966114	14.106027	11.474176	14.322211	6.01926	14.374785	17.900091	4.611294	21.704737	10.143735	12.12698	15.24641	13.547276	13.33343	10.207894	9.252408	10.170882	11.893775	12.697314	14.487226	10.142219	10.891795	10.988031	3.993908	22.047608	15.152382	17.155212	16.714429	18.0409	14.870618	16.432438	12.904022	13.583152	15.281091	12.865855	16.126936	10.025592	15.649196	14.636035	5.040223	22.593477
TMTC1	0.9328712	1.1883872	1.3488591	1.5938581	1.041184	1.1625861	0.6641036	0.7891082	1.5671636	1.2307217	1.5015795	2.8656433	1.9730755	2.1067889	1.4484505	1.0625341	2.805136	2.825731	3.045613	2.929337	2.710259	2.336349	3.240184	3.135395	2.417473	3.420075	2.639144	6.684024	2.557637	4.602891	8.784048	1.408449	2.3119142	2.6094125	2.7294566	3.773048	1.9614036	1.9937843	2.340854	2.681394	2.7056416	2.7925298	2.8393942	3.5413283	1.7528336	7.130165	5.363179	0.8215628	1.999693	2.348958	3.140055	2.945357	2.593059	1.988984	2.330694	2.114729	2.05938	3.419666	2.897813	7.037035	1.484213	3.415778	6.86634	1.054154	3.639706	4.246031	4.027511	4.6615	3.621851	3.279211	3.843805	3.317542	3.313673	4.566822	3.636815	6.47121	2.464523	5.252314	8.315473	1.147406
TMX2-CTNND1	21.60429	22.41513	18.20909	20.40988	21.72457	22.18564	21.90409	21.39275	18.79309	29.24138	19.77666	20.10142	20.6708	29.08361	19.23245	23.52275	17.6716	15.03574	17.10447	13.64775	19.26888	18.41025	20.33257	15.51035	17.98921	17.48905	15.89877	21.34935	15.03384	14.00084	21.9595	16.99565	25.4112	24.68617	26.48094	22.92028	19.75576	19.97297	23.33729	20.67743	26.1456	18.85346	28.65387	22.66952	25.25888	18.11157	22.7898	24.34828	19.55134	14.75548	19.40265	19.51851	18.39994	18.72057	19.04823	17.33848	13.75422	21.12706	19.39674	18.21552	19.65561	17.93481	26.32228	20.28766	19.76554	19.37481	19.50675	17.21416	19.69409	20.18435	20.94545	20.51927	20.55928	17.82602	23.99964	20.67965	19.08695	18.21665	21.16214	26.91609
TSNARE1	2.70908	2.473678	2.619552	2.513708	2.406164	2.051464	2.38133	2.556436	2.740808	2.383505	3.129511	2.745036	3.532292	2.136355	1.736167	2.288102	2.985555	2.232293	2.545205	2.053737	2.771008	2.869671	3.027473	2.358254	2.529098	2.683038	2.338622	2.08926	2.523791	1.869429	1.288111	2.591703	1.763818	1.794269	2.150283	1.689358	1.669119	2.193113	2.237361	2.183553	2.117571	1.60808	1.737662	1.726222	2.282875	1.20509	1.64537	2.63318	2.941377	2.556424	2.474744	2.680221	2.601236	2.833294	2.91394	2.917687	2.363859	2.775935	2.572966	1.829793	3.264131	2.655824	2.684272	1.886365	3.014307	2.641534	2.658475	2.160169	2.264747	3.140909	2.865754	2.953455	2.918947	2.386775	3.216759	2.340568	3.142913	2.200215	2.243928	2.299238
TYW5	0.7225837	0.7740725	0.7419754	0.7357495	0.7443517	0.7767805	0.7316482	0.6980957	0.7887929	0.7203734	0.7464214	0.7411374	0.663797	0.6832634	0.8373956	0.9221288	0.6785022	0.777758	0.6870287	0.8713508	0.709053	0.6845452	0.701578	0.702423	0.805875	0.5654923	0.8644198	0.5165713	0.7118008	0.6034785	0.5646318	0.7730876	0.7446845	0.784712	0.8036732	0.936026	0.6958612	0.896453	0.7534778	1.0213123	0.7396446	0.6472733	0.9437285	0.684461	0.6994258	0.8232038	0.7283463	0.7723573	0.6143633	0.690414	0.6466412	0.7621777	0.666079	0.5952117	0.5180727	0.5906277	0.655141	0.7056983	0.7257875	0.664517	0.6185183	0.516111	0.434053	0.770942	0.774879	0.9631118	0.7356508	0.8743448	0.8606838	0.8143887	0.7095498	0.7208405	0.6513273	0.9155497	0.7127322	0.7639033	0.7299476	0.885963	0.5973072	0.7417113
VRK2	2.330619	2.63782	3.117999	3.012625	2.831161	2.626594	2.70967	2.964863	2.88692	2.589352	3.220034	2.272062	4.326374	3.079756	1.86858	2.593877	1.54997	1.459275	1.554279	2.468176	1.48933	1.608829	1.224239	1.531394	1.869344	1.840915	2.060579	2.008381	1.942901	2.35662	1.08783	2.056646	2.542094	2.10998	2.822866	2.719511	2.360845	2.871126	2.218943	3.379304	2.527875	3.516121	2.955332	3.931461	2.745056	4.144864	2.439418	1.380189	2.262065	2.084226	2.114693	2.835307	1.604485	1.989021	2.098583	2.188313	3.232092	2.93426	2.152352	4.276943	2.422549	2.637538	1.802824	1.103476	2.573179	2.979584	2.374522	3.108251	2.791623	2.588407	2.165345	2.30569	2.876797	5.050072	2.472856	4.697397	2.986112	3.539874	2.609712	1.334734
ZNF536	2.0446111	3.2753254	1.0643222	2.4577099	2.7472284	3.3938692	1.6143951	1.1636982	1.4230565	5.6793247	2.000663	3.3012428	1.1017877	5.9558124	0.7042917	9.3318114	2.878158	2.954976	2.419517	1.66851	1.688676	2.311779	2.981296	2.79396	1.998926	2.955563	2.102196	2.640481	2.429842	3.929215	1.151878	7.294543	3.073066	2.510346	3.591221	1.797691	2.93647	4.960994	3.046841	3.301476	3.772318	4.586171	2.0879	4.82985	3.127555	5.371017	3.376232	7.955451	5.428252	3.983146	3.821448	5.91951	3.711925	4.550061	6.046807	5.446063	5.359828	7.678908	3.345019	7.274174	4.993709	6.600081	3.586766	8.700471	6.868033	4.902084	4.705811	3.946584	5.248488	6.198482	5.279833	4.546125	6.098624	7.999678	6.268848	9.867857	5.206886	6.30834	5.497618	8.716403
ZNF804A	3.510089	2.603737	3.404024	3.568353	3.458954	3.509455	3.206261	3.661233	3.894207	4.89769	3.493206	3.473637	2.246522	4.092828	2.537279	3.651055	2.790407	2.838479	2.793331	2.422132	2.118743	1.92204	3.075965	2.698708	3.431821	3.014595	2.519271	3.275779	3.369477	3.256117	2.262282	1.701696	1.6014613	1.4979463	1.8313294	1.955858	1.3358494	1.7105367	1.195437	1.342204	1.978282	1.5139398	1.3980695	0.8916187	1.3481032	2.504298	1.9002623	1.5778107	2.097012	1.650703	2.447274	1.891909	2.435826	2.109148	1.662792	1.925472	2.023979	3.098529	2.407892	2.679526	1.46037	1.729777	2.227549	2.1557	2.698032	2.809106	2.58492	2.615276	2.384494	2.622945	2.46094	2.536299	2.588163	2.343612	2.575744	2.077019	2.664525	2.757904	2.57612	1.898932
AKT1	21.64874	20.23849	18.24599	19.6311	20.39637	19.83046	18.26179	18.38373	18.13152	21.41032	20.27565	18.5719	18.54155	19.72	15.17975	14.82027	10.034796	8.775854	9.719718	9.095295	10.498246	9.91552	10.501118	10.229153	9.901734	11.529075	9.812077	11.038567	10.000883	9.363839	6.981133	10.37648	8.583558	8.100414	9.530839	8.886864	7.201501	8.827074	9.31362	8.207499	8.935232	8.20444	9.843885	8.744369	9.510534	7.368286	7.32418	10.26983	8.78782	7.928399	8.099615	8.508245	8.769062	8.725762	8.073031	8.152611	7.084784	8.394694	7.868911	6.995523	9.018151	9.413043	9.166893	10.236932	7.195595	6.723591	7.220641	7.129313	6.098727	7.434091	7.833998	7.602388	8.061832	7.388129	8.1286	7.864054	7.412733	7.743755	7.404187	10.019853
APOE	52.43714	47.56901	30.05263	36.51986	99.7962	32.8252	66.516	50.40868	131.21227	98.22199	45.348	154.6391	93.07947	111.65373	383.41586	90.21834	748.32	425.7992	584.1183	590.195	690.6807	817.9544	466.8551	524.9664	444.7923	621.4171	588.5121	611.7907	573.0827	661.0874	1070.873	358.7466	529.6605	475.8902	614.4996	673.5226	312.3588	517.1208	742.6568	603.6827	684.071	609.5429	611.6267	715.5282	453.4932	326.5977	733.398	311.1731	279.462	311.5247	267.3431	279.2609	250.9795	362.6493	258.6072	282.7128	245.57	310.1872	248.4351	228.1136	301.1374	439.0567	720.1281	204.6941	81.36194	115.09132	71.83538	152.96549	78.16536	117.00956	94.81266	71.25643	86.899	339.49136	100.45049	456.74286	39.18279	261.46449	273.63627	176.69426
APOL2	1.3433079	1.5298069	0.7193114	0.8365667	1.4451771	1.3471078	1.1664019	1.0170478	1.4402264	2.2664414	1.27315	1.9088889	1.8449788	3.1920763	2.334181	3.1667757	5.574109	3.678638	4.221616	3.688865	4.415688	4.189493	5.082517	4.421579	4.132177	4.798524	3.878841	3.194972	3.821665	5.600427	3.936016	7.980932	8.651549	8.590398	9.567001	8.323758	8.365876	11.368606	9.889657	10.680898	10.380733	10.477125	8.22795	6.814473	13.523192	9.185512	13.110308	11.736667	15.381486	11.707657	15.982907	12.612324	14.165386	13.826585	15.358808	17.695067	13.948535	13.885725	14.801677	3.471201	17.60167	8.25239	12.36385	12.48382	18.38479	11.92906	19.67982	14.46434	16.44522	16.75711	20.48384	22.49115	18.96786	10.53147	19.78039	4.86006	24.64582	11.4307	15.51909	11.9254
BDNF	0.64230181	0.73592373	0.19816621	0.39821046	0.29781788	0.53282757	0.3048588	0.2615079	0.30713193	0.30578671	0.17136179	0.63394171	0.08805447	0.85693007	3.62867175	0.24591775	2.4011227	2.197488	2.8253207	2.3923723	2.1581262	2.0969456	2.6525793	2.5884148	2.4835713	2.3604158	2.291851	0.4694033	2.3158288	2.3244247	6.5530212	2.0902378	2.1177458	1.9917285	1.910054	2.1747622	1.794036	2.0625737	1.4931843	1.520127	1.875261	2.2634123	2.0495908	0.4143877	1.5148948	3.7748207	2.5854663	2.5668165	1.9050967	2.3546067	2.4189905	2.7518875	2.631785	2.2003317	1.686423	1.500419	2.0372333	3.068767	2.8920745	0.3729875	1.6480327	2.681308	2.260518	2.3076728	1.9923215	2.7433944	2.0802483	2.8556427	2.1308432	1.9598392	1.4739202	1.6067123	1.8113742	2.3667083	2.1873573	0.3875665	1.7235086	3.6895763	2.1607872	2.3245203
CHI3L1	0.15784287	0.149712	0.08425671	0.12644823	0.22845365	0.10000407	0.3262092	0.4327177	0.44271936	0.43342243	0.20866579	0.69487479	0.65509833	0.63246427	2.00995625	0.12380675	2.1112415	1.6691844	1.340611	1.5445607	1.5746178	1.805268	1.3778013	1.5831968	1.49367	2.42427	1.8581302	1.5924563	1.8764506	2.5242208	3.5171912	0.2746928	3.3710257	4.2995738	3.4137758	4.4057252	3.883824	4.274252	4.746111	4.1799693	4.3439678	4.099477	3.8710405	11.420249	7.7607748	5.859039	12.3975533	0.5492428	4.475088	3.698758	4.25612	4.1539838	4.8363377	5.387526	4.773877	4.5716027	3.592628	5.2782407	3.6239435	5.4603675	5.6549593	3.706417	4.543296	0.4283175	2.693917	2.440828	2.874602	4.01496	2.725278	3.12338	2.586902	2.887127	2.463334	4.61129	3.346329	7.00153	2.980654	3.632557	5.208866	0.646162
CHRNA7	0.1987999	0.1893666	0.1778319	0.2029261	0.1887266	0.1947587	0.2545835	0.212634	0.1635507	0.2276625	0.1781279	0.2173861	0.1567703	0.2046733	0.3785907	0.2255416	0.2184505	0.2921912	0.3538195	0.2743358	0.2167814	0.2189168	0.229453	0.2914503	0.202964	0.24039	0.2402687	0.1725067	0.3317402	0.1323462	0.4065104	0.0665344	0.210524	0.2653945	0.2314618	0.1421402	0.2034698	0.15131567	0.22590525	0.15676767	0.1879944	0.17199933	0.27245917	0.06714367	0.2561746	0.15907475	0.07557433	0.03371867	0.23144833	0.14563233	0.22839075	0.26129825	0.30665033	0.21834567	0.236723	0.21690767	0.19698	0.33369133	0.26439425	0.0690125	0.14124667	0.089099	0.108765	0.03991775	0.23106167	0.2213784	0.23934917	0.26678583	0.223335	0.3027895	0.25518333	0.2221075	0.28161483	0.169344	0.2733405	0.05176017	0.2100474	0.13818817	0.08609483	0.0371305
COMT	10.314328	10.402016	8.08391	8.309361	9.890363	9.207412	9.589978	9.129355	9.553677	12.399424	9.882064	11.155223	10.149921	14.563328	14.750548	15.190169	21.29304	13.65932	14.10771	15.27936	20.28566	21.3974	20.48896	15.82422	19.10984	21.07681	17.07657	18.54167	13.09748	20.19482	15.11522	17.13398	18.02756	15.55177	18.80386	18.20354	12.1283	15.54013	22.03706	15.82137	17.63224	18.92992	19.84406	22.37934	17.18662	15.56014	19.90564	18.4895	15.05127	13.86819	11.45005	14.38482	12.14937	14.98179	14.59491	14.17608	12.46061	15.94193	11.71632	12.55505	14.48025	19.02226	17.28959	14.35811	9.593253	9.905233	8.201173	9.619936	7.909324	9.847974	10.405284	8.957517	10.724768	14.779578	9.669363	16.385747	7.981161	15.14435	12.509286	15.16824
DAO	0.06611225	0.05694227	0.05589807	0.05338323	0.06324924	0.04228979	0.0672251	0.0696527	0.08217893	0.04516243	0.06891257	0.07822636	0.0638478	0.0468646	0.04918512	0.39907087	0.035557	0.0634138	0.25413025	0.04396983	0.0595988	0.0317372	0.05599667	0.03428025	0.029535	0.022567	0.0576885	0.01902967	0.0497214	0.05033975	0.1309672	8.609738	0.04465833	0.11719825	0.0235904	0.1178156	0.0929132	0.11827567	0.02301075	0.06340433	0.0201202	0.23137817	0.03208583	0.09181167	0.0538188	0.21441775	0.38383833	19.930068	0.065169	0.09366167	0.05316925	0.0545435	0.05430667	0.07293133	0.06204633	0.07775033	0.063871	0.113692	0.05197775	0.0436775	0.06747367	0.12712333	0.729204	11.040001	0.06353367	0.0834768	0.05261433	0.04827317	0.0890256	0.10600967	0.05401	0.05151383	0.06651467	0.05683083	0.032056	0.08888283	0.0466134	0.1331305	0.60740167	10.19048717
DAOA	0.001405875	0	0.001059786	0	0	0.002032929	0	0.0010446	0	0	0	0	0	0	0	0	0	0.003605	0	0.007005	0	0	0.025509	0	0	0	0	0	0	0	0	0	0	0.03605875	0.0122914	0	0.0382712	0	0	0	0	0	0	0	0	0	0	0	0	0	0	0	0	0	0	0	0	0	0	0	0	0	0	0	0.002794167	0	0	0	0	0	0	0	0	0	0	0	0	0	0	0
DISC1	0.4200244	0.4398921	0.4080061	0.5367401	0.4287189	0.4610224	0.425306	0.3898124	0.5860421	0.577582	0.5272067	0.7007555	0.8199471	0.9388211	0.7667221	1.230876	1.1085932	0.6403402	0.5491008	0.8068003	0.820257	0.9714706	1.1650147	0.5273965	1.24905	1.4828628	0.8494335	0.903269	0.4924198	1.1656788	0.5362846	0.4717446	0.6393663	0.7108075	0.7664426	1.041564	0.6940982	0.9738997	0.8432177	0.8313153	0.6851646	1.0444188	0.7867245	0.8669487	0.7095066	0.9176385	0.660183	0.4508103	0.7154523	0.746276	0.5993855	0.768151	0.6279053	0.6241197	0.6779803	0.692876	0.6950193	0.916381	0.621263	1.2223155	0.5926737	0.9586517	0.745021	0.309181	0.5306015	0.607504	0.512993	0.7091455	0.5815612	0.6195585	0.4816467	0.456064	0.4770123	0.9040373	0.5306615	0.9680673	0.3577056	0.8182833	0.6929233	0.3195735
DRD2	0.3120119	0.3250627	0.1702571	0.7240488	0.2103556	0.3741061	0.1364804	0.120895	0.2815257	3.4903815	0.3568048	19.4944388	0.1592119	1.606954	4.6299834	0.5080204	0.7698545	0.6257146	0.6616427	1.5127625	0.590801	0.6300676	0.4064957	0.7501148	0.9460787	3.2787887	0.7307265	54.0728763	0.6855022	1.1074475	5.683284	0.8300366	0.7043095	0.4083817	0.7501094	0.8967732	0.5173252	0.721376	0.4116695	0.4676337	1.2715956	1.4819297	1.1852502	29.9517777	0.6161816	0.8422758	9.663087	0.1935348	0.633899	0.35740067	0.79692525	1.699915	0.79585267	0.82887833	0.462154	0.491136	0.483161	3.77327867	1.275683	39.5333615	0.639096	0.81812733	11.076257	0.07673525	0.4148458	0.2716926	0.5431492	1.1894625	0.3844704	0.5329747	0.306476	0.4410472	0.5015675	3.4710018	0.8902007	28.5644472	0.362667	1.049289	10.0345662	0.1843922
DRD3	0.00581625	0.003877867	0.004964786	0.085142231	0.007184765	0.0551225	0.0077548	0.0035934	0.034961	0.261617143	0.046534714	3.901388	0.0062994	0.015337733	0.055809	0.015518375	0.02932775	0.0647944	0.03783075	0.025180167	0.0591392	0.0211416	0.034787667	0.00979475	0.004599333	0.06322175	0	2.620376667	0.055742	0.009887	0.050349	0.0508496	0.030438833	0.17968375	0.0057892	0.014816	0.0562604	0.009654	0.023392	0.031601	0.0054892	0.004385167	0.018722	1.597431333	0.006587	0.00941925	0.062033	0.003806333	0	0	0.00549075	0.02298975	0.019242	0.01663133	0	0.01966633	0.01202067	0.092315	0.007928	2.491235	0.026718	0.02273167	0.069408	0.00503525	0.015736	0.0336656	0.020557333	0.010010833	0.047806	0.052700667	0.0186155	0.027519667	0.037766	0.197279833	0.017435333	2.308765667	0.0176164	0.095100667	0.086337167	0.007019833
DRD4	1.2168901	0.8716985	0.7866837	0.6856255	0.9329404	0.7489664	0.7128113	0.6257411	0.8935394	0.6008364	0.9463769	0.9645153	1.3088297	1.4504747	1.1740144	3.3954733	0.9763122	0.933045	1.007587	0.747641	0.8815652	1.249485	0.5943797	0.7831202	0.5609567	1.1886883	0.7682042	0.578124	0.9321968	2.0197665	0.7612034	2.24056	1.171209	1.324575	1.534508	0.7822274	0.8593372	1.7125383	1.7548325	2.105538	1.3972236	1.0292857	1.0604222	0.669813	1.4751302	1.230598	0.6133327	1.4479145	0.7848967	0.711685	0.690233	0.7380807	0.613626	0.9276143	0.7743053	0.8452093	0.6509687	0.597789	0.3443613	0.428148	0.7336693	1.2781033	1.0763855	0.8701043	0.5188718	0.4667176	0.4176103	0.4688778	0.3828864	0.5876915	0.553167	0.5189102	0.649763	0.6511822	0.516203	0.8747878	0.8907402	0.8192958	0.6364163	1.0634183
DTNBP1	4.327264	4.458258	4.427216	4.710801	4.471905	4.282634	3.83809	4.115725	4.456991	4.208181	4.664925	12.872673	4.602365	4.046155	9.366673	4.020668	5.52247	6.112466	6.213274	6.392509	7.418768	6.333899	4.940486	7.157751	4.94667	5.738059	6.022796	13.650001	4.961344	4.870043	18.564022	3.336837	11.558273	10.415751	11.362206	13.264822	10.393539	10.047186	11.213662	10.50441	10.059979	11.251383	13.569066	28.638571	6.849826	8.382768	21.205857	4.218821	9.103775	9.831259	8.587092	10.204087	9.532536	10.094728	8.052492	7.352087	7.453417	10.62952	8.782289	15.858878	6.812747	5.902227	16.189456	4.560089	7.579196	8.533305	8.015486	12.38526	9.052062	8.081667	9.280154	8.624342	8.786356	15.006933	8.631557	18.909705	6.052249	9.352352	17.49696	5.246525
GRM3	29.96482	25.61699	44.87326	41.47354	31.27644	28.67121	39.36792	43.80913	47.66232	28.27336	38.31858	69.7531	35.65258	21.32278	27.20613	21.54497	54.536766	30.240503	32.918241	39.895422	48.508189	52.945204	64.271323	29.702142	65.071935	32.743653	40.158794	74.910631	28.027969	26.774716	7.235108	14.875574	41.39131	40.31433	50.41309	48.45329	30.09391	46.88458	55.87196	41.18665	42.7562	28.12522	45.16741	44.78558	38.6427	27.80981	13.61253	15.70974	45.09753	45.60613	37.1063	43.31157	45.50954	45.54622	41.93597	35.06782	36.39482	41.67289	38.12204	76.62579	35.3024	31.13962	17.77169	14.08307	32.83282	32.46698	27.97771	31.13227	30.37139	33.53758	27.89579	26.53302	28.53157	33.87593	31.71534	60.84738	20.74898	26.66201	19.48053	14.12488
HTR2A	0.8111277	1.0437587	0.5878484	1.3914701	0.8394951	0.7331173	0.4372466	0.4376657	0.8807999	1.3365289	0.710815	0.9194518	0.4041145	1.0377896	1.1142081	0.8276544	5.9251378	5.5542086	7.8553755	5.7216135	5.4483286	5.317704	5.9007223	6.24867	5.738788	4.3479715	5.484557	1.7114767	8.4759308	2.0779007	0.5803012	0.4013664	7.2704553	5.915916	6.4486486	7.0613416	8.046962	6.6246567	4.8432995	5.86446	7.3845656	2.9283193	6.6853483	0.6681403	7.6521022	1.8381025	0.5323293	0.1610963	7.790434	6.174411	12.8909605	11.1730148	10.4148317	8.447851	7.35919	8.046785	8.0958607	6.92378	13.5687147	1.8193355	7.6070617	1.2995617	0.9219085	0.1531878	12.6944252	10.3537488	13.8258493	13.7053252	13.1306846	12.5144922	9.0428613	10.3891615	11.8429635	5.9502715	14.4584202	0.9928157	15.7476758	2.8244413	0.9624578	0.200017
KCNN3	1.146767	0.9453828	0.7561869	1.2476411	1.0394824	1.1427689	1.0650785	0.7761987	0.8835324	2.9085441	1.4359977	1.171962	1.0683456	3.1035141	1.2691507	0.5214215	1.223342	1.1685504	0.9312798	1.1357255	0.9575336	1.033419	1.2640203	0.8216062	0.9569983	1.9912848	0.9426303	1.938297	0.7760036	1.4490448	2.70578	0.6111486	0.8492605	1.116973	1.0266534	1.3188014	0.9859674	1.2652023	1.0825977	1.0393043	0.8897898	1.520599	0.8811678	1.6610457	0.908563	1.133959	2.5320167	0.7216405	1.382837	1.7030283	1.402627	1.4873165	2.007576	1.6329147	1.2126233	1.215042	1.1185943	3.5048783	1.2799508	4.515805	1.2134517	2.4269243	4.0423565	0.6932805	1.1390132	1.594815	1.3513167	1.9527165	1.4504406	1.5676695	1.1878255	0.8810997	1.0517803	2.597987	1.2740882	2.9286532	0.4193318	2.255986	2.6275975	0.6372603
MTHFR	3.369944	3.219669	3.262539	2.991292	3.159384	2.963299	3.22691	3.15215	3.061132	2.926463	3.614441	2.947611	3.479574	3.187229	2.851026	2.824133	2.713106	2.655534	2.154444	2.159866	2.439435	2.034081	2.858077	2.482814	2.591339	3.438054	2.170815	2.629193	2.839754	2.680986	2.661975	2.491552	1.593203	1.746129	1.704502	1.414159	1.60367	1.867013	1.58774	1.628571	1.877237	2.07087	1.677173	1.76354	2.017089	1.678939	2.291766	2.790246	2.866214	2.639299	3.025567	3.10551	3.147291	2.998267	2.732868	2.647882	2.307896	3.357558	2.726516	2.549605	2.667708	3.058572	3.144773	3.111462	3.182115	3.25432	3.063558	2.802699	2.767191	3.338893	3.056063	3.085347	2.912909	2.772115	3.259511	2.566663	3.084622	2.75166	2.70531	3.539514
NOTCH4	1.6336473	1.2603903	0.9575291	1.0430721	1.2250914	1.0812124	1.199351	1.1086474	1.305809	1.5866489	1.285643	1.6099632	1.4937763	1.7327863	2.0970637	1.9941749	3.901058	2.037292	2.628053	2.288458	3.312653	2.728108	2.894941	2.849216	3.19272	2.778235	2.541474	1.739696	2.281673	2.383319	2.565299	1.833403	1.831603	1.941391	2.287479	1.884586	1.540612	2.082614	2.101407	2.737888	1.764231	1.672016	1.95286	1.8092	2.235305	1.34451	2.401156	1.597928	1.634357	1.930235	1.535779	1.620295	1.552017	1.586598	1.907622	1.739026	1.639547	1.254263	1.602708	1.519634	1.763849	1.721703	3.210262	1.733727	1.501772	1.333253	1.247551	1.115558	1.35468	1.38361	1.854004	1.754214	1.497638	1.556599	1.425761	1.694103	1.527587	1.522018	2.763431	1.738978
NRG1	1.9873344	3.0586696	2.0358682	1.9185095	2.6714709	2.4630129	1.686948	1.9122425	1.9910122	3.6600514	2.532789	0.8716844	2.8085975	1.8387807	0.7693494	5.143488	1.92883	2.099565	2.1654725	1.985205	2.0091466	1.5701956	2.066344	2.0585148	2.5725093	1.3392115	2.1974133	0.7035237	2.4752032	0.8760465	1.3454116	1.7502794	1.1568758	0.9768398	0.9684052	0.8916518	1.2510566	1.010172	1.067476	0.9652087	1.0686418	1.0648957	1.1557903	0.3501327	0.8611098	1.077553	1.29241	0.8068775	1.214385	1.2055843	1.1631318	1.218579	1.266355	1.0411057	1.4179943	0.950184	0.8964007	1.3037413	1.2095042	0.3418515	0.7094177	0.5394907	1.459167	1.0524403	1.2686153	1.3037486	1.334199	0.9452272	1.1928112	0.9885998	1.467554	1.2998745	1.1020037	0.7871377	1.2091705	0.352168	1.0118702	0.9275077	1.4964955	1.2858342
NRXN1	21.37508	20.35927	24.85126	26.5755	19.68864	20.71552	24.3196	24.74835	26.10195	19.52885	21.92801	19.19975	17.18901	18.43645	29.31331	16.17975	23.2541	23.39777	25.36904	26.28769	24.21283	24.95785	26.51213	24.20691	27.55066	21.50957	25.51332	12.25183	27.74814	18.076	24.42774	17.22197	16.715798	15.25614	18.970564	21.924629	15.043251	15.758858	15.544639	16.969036	18.365294	13.106564	20.366868	4.381883	18.891186	14.505976	15.631768	17.123154	14.66419	13.363652	20.05273	16.659589	18.858299	15.268734	12.177404	13.932991	14.123319	16.693872	18.047963	8.051082	13.255613	8.752409	14.08678	18.215515	20.348802	20.45322	22.588029	22.836945	22.032325	21.972761	16.343494	17.813651	19.359913	15.200823	21.827874	6.524101	19.67393	14.725354	14.878845	17.278648
PPP3CC	10.349584	9.705465	10.39406	10.093783	9.527144	10.055596	9.984345	10.396203	9.876452	8.412311	9.230408	8.472603	8.264595	7.158677	10.531634	5.46218	5.801858	6.625522	6.844829	6.707436	6.558387	6.09582	5.808534	6.783176	6.784007	4.685948	7.017118	4.8135	7.549245	4.240261	7.406125	6.417259	5.338412	4.747103	5.005405	5.735934	5.0046	4.964681	5.203888	5.546123	5.058907	4.024056	5.281348	2.835639	4.781452	3.919532	6.374153	6.17917	4.833093	4.399619	4.940465	4.714856	5.358721	4.81463	4.398	4.614249	5.400962	4.039328	5.012635	3.66715	4.919266	3.256183	5.483747	6.008069	4.762253	4.901937	5.12116	4.677503	5.136701	4.655894	4.863406	5.416378	5.143014	3.868048	5.149659	3.458291	6.500221	4.065275	5.68577	6.347752
RGS4	0.6196598	0.5788144	0.5310146	0.8753662	1.1287259	0.8723822	0.7047614	0.8956171	1.5361858	2.2163267	0.6629793	3.2855821	1.6109127	0.7624471	2.0070532	1.9454475	66.517368	87.245684	104.75786	72.259151	91.166162	85.201381	77.44078	127.956689	75.760979	28.623049	74.366304	20.298768	101.990952	20.847612	6.251265	1.124732	148.114161	126.43971	139.384017	133.915235	146.574082	135.386091	128.176897	152.915404	121.503048	33.416728	133.894727	41.898634	124.186545	55.150234	6.626822	1.279943	123.918383	96.021999	155.688339	114.854227	134.717031	120.354114	121.212303	124.378271	129.459944	32.003099	153.354323	43.590668	93.538909	14.691713	12.554696	2.167413	162.635776	141.77014	167.038622	144.323844	197.178143	153.882473	150.11266	160.048397	150.922671	62.315254	155.47802	27.815817	167.018131	51.00539	6.542421	1.601516
RTN4R	11.307583	9.637373	9.197294	9.163777	9.747449	8.591	8.653078	9.309981	9.698849	8.145015	11.160233	6.007517	9.817551	7.275799	10.805442	5.54775	12.365773	12.364977	15.054754	10.560462	14.417979	13.479429	16.156673	15.212298	12.398809	12.587174	10.899504	2.942854	18.355088	7.018984	9.120905	28.892451	14.701119	9.69037	11.4205	8.793657	14.574536	12.085868	12.228889	11.1807	13.877467	9.613514	14.901918	1.651788	13.150538	4.187297	5.906119	30.009514	16.489032	11.402047	17.848324	17.425357	22.327048	22.340458	13.98535	13.403176	11.431407	17.541786	15.128646	1.661667	13.913371	11.297859	6.855693	26.618982	14.350653	15.828758	15.932922	14.798841	13.293903	17.318824	16.168121	16.618471	17.536866	10.081424	20.81613	1.797067	15.475085	9.592301	8.445253	30.345311
SLC1A1	15.04673	14.358044	14.699923	16.26517	14.200973	14.641983	15.897609	15.643697	14.696657	10.558663	12.185027	16.624068	11.030464	8.864942	13.34585	7.353725	13.656472	14.621449	13.526718	14.078805	13.203783	12.834303	14.345467	14.195666	14.8735	14.981227	14.22717	14.967641	13.341466	13.592049	24.461745	3.660438	12.44776	11.360907	12.982629	14.362024	9.929128	11.107536	10.919273	12.162213	11.370381	10.936117	13.715657	9.527753	11.953946	17.122324	20.051847	4.119972	11.118023	10.879445	12.863752	11.535389	11.949845	11.474918	10.459626	10.738867	11.372563	10.866003	12.93978	11.890977	8.980489	9.317263	16.842489	4.89398	12.736058	15.080183	13.540718	14.985456	14.887066	13.394642	11.839898	13.512429	12.323276	11.647787	13.849492	11.470813	13.908879	13.437071	23.001075	5.961722
SLC6A3	0.008060375	0.010262467	0.003148143	0.041214	0.003511176	0.005852286	0.0034433	0.0038902	0.001659571	0.010845357	0.006389786	0.012867643	0.0012096	0.020802133	0.012742875	0.102248375	0.004029	0.0072798	0.00210025	0.004015833	0	0.005337	0.020907667	0.00475125	0	0.006746	0.007695167	0.020703667	0	0.01038775	0.021601	0.0235742	0.002892833	0.07128875	0.0007274	0.0055658	0.0171158	0.002979	0	0	0.001412	0	0	0.022428667	0	0.01575575	0.105605333	0.002862667	0.004195333	0.004192667	0	0.003395	0	0	0	0.005015333	0	0.008825	0	0.0083695	0	0.026032	0.1707315	0.002948	0.003481833	0.0026324	0.007686333	0.002320167	0.0182236	0.003302667	0.002246833	0	0.0080265	0.013943	0.004837	0.019784333	0.0071342	0.009787833	0.031000833	0.005024
SLC6A4	0.20643456	0.1128862	0.07825207	0.10612262	0.17589212	0.16982064	0.1545066	0.1109818	0.12414993	0.04844793	0.12531464	0.02801814	0.18155253	0.11874473	0.12390913	0.3785735	0.04132225	0.031238	0.06840725	0.051562	0.0520324	0.0226854	0.05576533	0.0783445	0.03086233	0.0625375	0.06950017	0.08068533	0.0493276	0.11271325	0.109314	0.238975	0.02100183	0.05604625	0.0478322	0.02525	0.043616	0.047819	0.028379	0.04313533	0.054531	0.02454767	0.0456585	0.051504	0.042939	0.02238425	0.024389	0.05933267	0.03009867	0.06346033	0.0406715	0.02753	0.02605833	0.05318133	0.046239	0.04301733	0.04858367	0.030167	0.01863825	0.0413435	0.05347733	0.04669533	0.0549185	0.05193625	0.0334865	0.0484324	0.03452033	0.03713933	0.0315186	0.03948883	0.03774617	0.04483283	0.0405965	0.03879667	0.03188233	0.03273333	0.0622438	0.05403483	0.0435215	0.071533
TAAR6	0.004009875	0	0.003656571	0	0	0.006444143	0.0128572	0	0.0057735	0.009438	0.002483857	0	0	0.003483933	0	0	0.0176245	0.0187082	0.0208415	0	0	0	0.088205	0.0099455	0	0.08839325	0	0	0	0.010177	0	0	0	0.265182	0.018839	0	0.0635036	0	0.013026	0.020915	0	0.02294267	0.01284533	0	0	0.01713275	0	0	0.019704667	0	0	0.01447625	0.019671	0	0	0.021939333	0.047879667	0.063582667	0	0.0366125	0	0.009684667	0	0	0	0.0402654	0	0	0.0130156	0	0.009742667	0.0057565	0.014382833	0.020820833	0	0.003511	0	0.007997	0.011168	0.013794167
TNF	0.002561188	0.005433067	0.001452214	0	0	0.004164286	0.0022101	0.0064981	0.025997429	0.004312786	0	0.008674571	0.018563	0.011379467	0.01720525	0.006347875	0	0.0192024	0.0158675	0.07701183	0.00487	0.014438	0.01629567	0.042129	0	0.0069695	0.01588567	0.02694867	0.0221434	0.0155995	0.011298	0.0398258	0.0225095	0.0679445	0.0275596	0.0092408	0.0112028	0	0.02807325	0.024329	0.0157466	0.006392667	0.030456833	0	0.0329542	0.0052985	0.035205333	0	0.08035667	0	0.0133665	0.01833275	0.06071167	0.02088833	0	0.06573533	0	0.040006	0.00995725	0.0238595	0.02691467	0.01179067	0	0.0064105	0.020336667	0.0232986	0.022888333	0.042653333	0.0121776	0.026690167	0.020397667	0.010000667	0.022329	0.022206167	0.023191833	0.032753167	0.0201878	0.004945833	0.022021833	0.013373833
VIPR2	0.26781362	0.15944947	0.08529493	0.19821962	0.14871776	0.16982557	0.1289789	0.1209406	0.25676179	0.90212857	0.17018521	0.34402457	0.4074892	0.6877412	0.73231275	2.88019213	2.593535	1.736793	1.888165	1.202438	2.61811	2.175122	2.538102	2.411029	3.4445	1.25729	2.179753	0.515696	5.568908	1.501046	1.022113	1.444747	1.9897465	1.4767523	1.393983	1.3495972	1.3713796	1.7076527	1.382594	1.1711183	1.591988	0.5063468	1.7749635	0.5008957	3.7646758	0.757058	0.653955	0.2984797	2.1715357	1.5934573	1.5122755	1.6623672	2.4690233	1.970174	1.6236167	2.227469	2.236717	0.5229417	1.7052882	0.436082	3.2529833	1.5383447	0.959648	0.4023095	1.496682	0.756916	1.0310632	0.8083232	1.1208482	1.1142763	1.296408	1.6436362	2.0407587	0.5776672	1.4915013	0.266012	3.2360652	0.6715127	0.4474483	0.1439482
ZDHHC8	5.655487	5.043112	4.199429	4.523126	4.848585	4.304486	4.269971	4.405741	4.514288	4.846061	5.687956	4.287422	5.681916	4.882325	4.175033	6.111292	10.583563	9.583164	10.007482	8.160545	10.855176	9.727674	12.704478	10.612805	9.973346	10.586542	8.28179	8.667377	12.880741	6.489034	4.710739	7.00253	7.513987	5.493814	6.921381	5.36735	6.992153	7.893093	6.944974	6.088782	8.985534	5.738019	7.854039	5.526175	8.254993	3.491932	5.510441	7.185707	10.009304	7.735569	10.248711	10.032056	11.71384	12.165359	9.072032	8.974277	7.177503	8.9392	8.716997	5.593422	9.060877	7.709207	7.943297	6.012134	8.166461	7.655721	7.190408	6.425166	6.962029	8.553842	8.633226	8.383843	8.488981	6.511322	9.740329	6.026212	8.30726	6.104509	5.370135	6.479922
